id;description;date_created
1;product Georgia;2020-04-26T16:00:24
2;alarm Pennsylvania Savings Account;2020-04-26T08:17:27
3;Awesome Ergonomic;2020-04-26T03:50:30
4;Boliviano Mvdol;2020-04-26T03:17:40
5;clicks-and-mortar directional;2020-04-25T21:39:14
6;Liaison Keys Gorgeous Fresh Computer;2020-04-26T02:31:16
7;seize bypass;2020-04-26T09:56:35
8;invoice optical Shoals;2020-04-26T11:48:28
9;Cheese product Creative;2020-04-25T18:48:26
10;Papua New Guinea Electronics Small Soft Tuna;2020-04-26T04:13:46
